"id","timestamp","count"
1,"2025-03-30T09:27:53.470Z",344
2,"2025-03-30T09:29:32.072Z",344
3,"2025-03-30T09:32:43.857Z",344
4,"2025-03-30T09:33:10.815Z",344
5,"2025-03-30T09:33:38.842Z",344
6,"2025-03-30T09:34:00.018Z",344
7,"2025-03-30T09:34:41.976Z",344
8,"2025-03-30T09:42:58.419Z",344
9,"2025-03-30T09:48:40.040Z",344
10,"2025-03-30T09:51:08.671Z",344
11,"2025-03-30T09:59:31.355Z",344
12,"2025-03-30T10:02:01.142Z",344
13,"2025-03-30T10:07:14.473Z",344
14,"2025-03-30T10:11:25.380Z",344
15,"2025-03-30T10:15:03.146Z",344
16,"2025-03-30T10:23:50.170Z",344
17,"2025-03-30T10:26:02.755Z",344